﻿<DataObject comparison="Ordinal">
  <Section id="">
    <Subsections>
      <Section id="General">
        <Subsections />
        <Entries>
          <Entry key="ElapsedTime">
            <double>170.8133361</double>
          </Entry>
          <Entry key="StartedAt">
            <dateTime>2022-05-24T15:08:16.9301785+05:30</dateTime>
          </Entry>
          <Entry key="EndedAt">
            <dateTime>2022-05-24T15:11:07.7435146+05:30</dateTime>
          </Entry>
          <Entry key="ReplayStatus">
            <LastReplayRunStatus>Passed</LastReplayRunStatus>
          </Entry>
          <Entry key="NumberOfReplayErrors">
            <int>0</int>
          </Entry>
          <Entry key="NumberOfReplayCriticalErrors">
            <int>0</int>
          </Entry>
          <Entry key="NumberOfCompilationErrors">
            <int>0</int>
          </Entry>
        </Entries>
      </Section>
    </Subsections>
    <Entries>
      <Entry key="Iterations">
        <int>2</int>
      </Entry>
    </Entries>
  </Section>
</DataObject>